<soapenv:Envelope
	xmlns:soapenv="http://schemas.xmlsoap.org/soap/envelope/"
	xmlns:xrsi="http://www.westernunion.com/schema/xrsi">
	<soapenv:Header/>
	<soapenv:Body>
		<xrsi:nis-notification-request>
			<partner>
				<id></id>
				<system>
					<id></id>
					<name></name>
					<version></version>
					<ip_address></ip_address>
					<connector>
						<id></id>
					</connector>
				</system>
				<preferences>
					<language></language>
					<error_translation></error_translation>
				</preferences>
			</partner>
			<device>
				<id></id>
				<type></type>
			</device>
			<external_reference_no></external_reference_no>
			<sender>
				<name name_type="">
					<name_prefix></name_prefix>
					<first_name></first_name>
					<middle_name></middle_name>
					<last_name></last_name>
					<business_name></business_name>
					<attention></attention>
					<given_name></given_name>
					<paternal_name></paternal_name>
					<maternal_name></maternal_name>
					<name_suffix></name_suffix>
				</name>
				<address>
					<addr_line1></addr_line1>
					<addr_line2></addr_line2>
					<city></city>
					<state></state>
					<postal_code></postal_code>
					<country_iso_code></country_iso_code>
					<locale></locale>
					<address_type></address_type>
					<business_name></business_name>
					<street></street>
					<country_code>
						<cpc_code></cpc_code>
						<iso_code>
							<country_code></country_code>
							<currency_code></currency_code>
						</iso_code>
						<country_name></country_name>
					</country_code>
				</address>
				<preferred_customer>
					<permanent_change></permanent_change>
					<account_nbr></account_nbr>
					<level_code></level_code>
					<points_assigned_redeemed></points_assigned_redeemed>
					<total_points_earned></total_points_earned>
					<current_number_of_receivers></current_number_of_receivers>
					<original_card_type></original_card_type>
					<status></status>
					<card_class></card_class>
					<apply_discount></apply_discount>
					<first_use></first_use>
					<rate_modifier></rate_modifier>
					<discount></discount>
					<name_altkey></name_altkey>
					<operation></operation>
					<last_use_date></last_use_date>
					<issue_date></issue_date>
					<first_use_date></first_use_date>
					<nonpermanent_change_count></nonpermanent_change_count>
					<max_number_receivers_allowed></max_number_receivers_allowed>
					<last_modification_time></last_modification_time>
					<last_change_source></last_change_source>
					<interests></interests>
					<expiration_date></expiration_date>
					<card_replaced_count></card_replaced_count>
					<card_changes_count></card_changes_count>
					<auto_enroll></auto_enroll>
					<card_has_expired></card_has_expired>
					<update></update>
					<share_personal_data></share_personal_data>
					<receive_mail></receive_mail>
					<opt_flag></opt_flag>
					<opt_in_out></opt_in_out>
					<opt_in_out_change_date></opt_in_out_change_date>
					<control_number></control_number>
					<phone_pin></phone_pin>
					<pref_cust_search_key></pref_cust_search_key>
				</preferred_customer>
				<type></type>
				<receiver_index_no></receiver_index_no>
				<receiver_first_name></receiver_first_name>
				<email></email>
				<contact_phone></contact_phone>
				<mobile_phone>
					<phone_number>
						<country_code></country_code>
						<national_number></national_number>
						<telephone_city_code></telephone_city_code>
					</phone_number>
					<identity>
						<type></type>
						<data></data>
					</identity>
				</mobile_phone>
				<mobile_details>
					<city_code></city_code>
					<number></number>
					<sms_flag></sms_flag>
				</mobile_details>
				<cookie></cookie>
				<pc_source></pc_source>
				<gender></gender>
				<date_of_birth></date_of_birth>
				<language_iso_code></language_iso_code>
				<place_of_birth></place_of_birth>
				<unv_buffer></unv_buffer>
				<occupation></occupation>
				<employer_name></employer_name>
				<queue_allowed></queue_allowed>
				<notification_preference></notification_preference>
				<reason_for_sending></reason_for_sending>
				<notification_language></notification_language>
				<notification_phone>
					<country_code></country_code>
					<national_number></national_number>
					<telephone_city_code></telephone_city_code>
				</notification_phone>
				<identities>
					<identity primary="">
						<type></type>
						<data></data>
					</identity>
				</identities>
				<cash_to_mobile>
					<sp_id_sp_name></sp_id_sp_name>
					<Receiving_Agent_Account></Receiving_Agent_Account>
					<sender_sms_flag></sender_sms_flag>
					<sender_selected_language></sender_selected_language>
					<reciever_selected_language></reciever_selected_language>
					<receiver_sms_flag></receiver_sms_flag>
				</cash_to_mobile>
				<mothers_maiden_name></mothers_maiden_name>
				<sms_notification_flag></sms_notification_flag>
				<Override_Mobile_Validation></Override_Mobile_Validation>
				<bank_account>
					<name></name>
					<branch_code></branch_code>
					<swift_bic></swift_bic>
					<bank_code></bank_code>
					<sort_code></sort_code>
					<account_number></account_number>
					<routing_number></routing_number>
					<account_type></account_type>
					<account_prefix></account_prefix>
					<account_suffix></account_suffix>
					<state_country></state_country>
					<comments></comments>
					<phone_number></phone_number>
					<rcv_financial_id></rcv_financial_id>
					<pin_verification_time></pin_verification_time>
				</bank_account>
				<returned_mail_status></returned_mail_status>
				<last_change_date></last_change_date>
				<export_status></export_status>
				<export_date></export_date>
				<dup></dup>
				<delete_code></delete_code>
				<address_flag_h_home_p_pos></address_flag_h_home_p_pos>
				<phone_type></phone_type>
				<listing_type></listing_type>
				<employment_type></employment_type>
			</sender>
			<receiver>
				<name name_type="">
					<name_prefix></name_prefix>
					<first_name></first_name>
					<middle_name></middle_name>
					<last_name></last_name>
					<business_name></business_name>
					<attention></attention>
					<given_name></given_name>
					<paternal_name></paternal_name>
					<maternal_name></maternal_name>
					<name_suffix></name_suffix>
				</name>
				<address>
					<addr_line1></addr_line1>
					<addr_line2></addr_line2>
					<city></city>
					<state></state>
					<postal_code></postal_code>
					<country_iso_code></country_iso_code>
					<locale></locale>
					<address_type></address_type>
					<business_name></business_name>
					<street></street>
					<country_code>
						<cpc_code></cpc_code>
						<iso_code>
							<country_code></country_code>
							<currency_code></currency_code>
						</iso_code>
						<country_name></country_name>
					</country_code>
				</address>
				<preferred_customer>
					<permanent_change></permanent_change>
					<account_nbr></account_nbr>
					<level_code></level_code>
					<points_assigned_redeemed></points_assigned_redeemed>
					<total_points_earned></total_points_earned>
					<current_number_of_receivers></current_number_of_receivers>
					<original_card_type></original_card_type>
					<status></status>
					<card_class></card_class>
					<apply_discount></apply_discount>
					<first_use></first_use>
					<rate_modifier></rate_modifier>
					<discount></discount>
					<name_altkey></name_altkey>
					<operation></operation>
					<last_use_date></last_use_date>
					<issue_date></issue_date>
					<first_use_date></first_use_date>
					<nonpermanent_change_count></nonpermanent_change_count>
					<max_number_receivers_allowed></max_number_receivers_allowed>
					<last_modification_time></last_modification_time>
					<last_change_source></last_change_source>
					<interests></interests>
					<expiration_date></expiration_date>
					<card_replaced_count></card_replaced_count>
					<card_changes_count></card_changes_count>
					<auto_enroll></auto_enroll>
					<card_has_expired></card_has_expired>
					<update></update>
					<share_personal_data></share_personal_data>
					<receive_mail></receive_mail>
					<opt_flag></opt_flag>
					<opt_in_out></opt_in_out>
					<opt_in_out_change_date></opt_in_out_change_date>
					<control_number></control_number>
					<phone_pin></phone_pin>
					<pref_cust_search_key></pref_cust_search_key>
				</preferred_customer>
				<type></type>
				<receiver_index_no></receiver_index_no>
				<receiver_first_name></receiver_first_name>
				<email></email>
				<contact_phone></contact_phone>
				<mobile_phone>
					<phone_number>
						<country_code></country_code>
						<national_number></national_number>
						<telephone_city_code></telephone_city_code>
					</phone_number>
					<identity>
						<type></type>
						<data></data>
					</identity>
				</mobile_phone>
				<mobile_details>
					<city_code></city_code>
					<number></number>
					<sms_flag></sms_flag>
				</mobile_details>
				<cookie></cookie>
				<pc_source></pc_source>
				<gender></gender>
				<date_of_birth></date_of_birth>
				<language_iso_code></language_iso_code>
				<place_of_birth></place_of_birth>
				<unv_buffer></unv_buffer>
				<occupation></occupation>
				<employer_name></employer_name>
				<queue_allowed></queue_allowed>
				<notification_preference></notification_preference>
				<reason_for_sending></reason_for_sending>
				<notification_language></notification_language>
				<notification_phone>
					<country_code></country_code>
					<national_number></national_number>
					<telephone_city_code></telephone_city_code>
				</notification_phone>
				<identities>
					<identity primary="">
						<type></type>
						<data></data>
					</identity>
				</identities>
				<cash_to_mobile>
					<sp_id_sp_name></sp_id_sp_name>
					<Receiving_Agent_Account></Receiving_Agent_Account>
					<sender_sms_flag></sender_sms_flag>
					<sender_selected_language></sender_selected_language>
					<reciever_selected_language></reciever_selected_language>
					<receiver_sms_flag></receiver_sms_flag>
				</cash_to_mobile>
				<mothers_maiden_name></mothers_maiden_name>
				<sms_notification_flag></sms_notification_flag>
				<Override_Mobile_Validation></Override_Mobile_Validation>
			</receiver>
			<payment_details>
				<origination>
					<principal_amount></principal_amount>
					<gross_amount></gross_amount>
					<currency_iso_code></currency_iso_code>
					<country_iso_code></country_iso_code>
				</origination>
				<destination>
					<expected_payout_amount></expected_payout_amount>
					<actual_payout_amount></actual_payout_amount>
					<currency_iso_code></currency_iso_code>
					<country_iso_code></country_iso_code>
					<state_code></state_code>
					<city></city>
					<expected_payout_method></expected_payout_method>
				</destination>
				<promotion>
					<name></name>
					<code></code>
					<description></description>
					<discount></discount>
					<status></status>
					<message></message>
				</promotion>
				<taxes>
					<tax_amount></tax_amount>
					<tax_rate></tax_rate>
					<municipal_tax></municipal_tax>
					<state_tax></state_tax>
					<county_tax></county_tax>
				</taxes>
				<fees>
					<base_charges></base_charges>
					<delivery_charges></delivery_charges>
					<other_charges></other_charges>
					<charges></charges>
					<exchange_fee></exchange_fee>
					<conversion_fee></conversion_fee>
					<second_exchange_fee></second_exchange_fee>
				</fees>
				<message_charges>
					<msg_base_rate></msg_base_rate>
					<msg_base_cnt></msg_base_cnt>
					<msg_marg_rate></msg_marg_rate>
					<rate_special></rate_special>
				</message_charges>
				<exchange_rate></exchange_rate>
				<identification_question>
					<question></question>
					<answer></answer>
				</identification_question>
				<payment_digest></payment_digest>
			</payment_details>
			<transaction_id></transaction_id>
			<money_transfer_control>
				<date></date>
				<mtcn></mtcn>
			</money_transfer_control>
			<notification_type></notification_type>
			<message_code></message_code>
			<message_text></message_text>
			<payout_info>
				<payout_agent_id></payout_agent_id>
				<payout_city></payout_city>
				<payout_state></payout_state>
				<payout_country></payout_country>
				<payout_postal_code></payout_postal_code>
			</payout_info>
			<queue_name></queue_name>
			<send_device_id></send_device_id>
			<pay_device_id></pay_device_id>
			<multicsc_indicator></multicsc_indicator>
			<EndPoint></EndPoint>
		</xrsi:nis-notification-request>
	</soapenv:Body>
</soapenv:Envelope>